type,id,score,info,name,phone,poi/categorySet/item/0/id,poi/categories/item/0,poi/categories/item/1,poi/classifications/item/0/code,poi/classifications/item/0/names/item/0/nameLocale,poi/classifications/item/0/names/item/0/name,poi/classifications/item/0/names/item/1/nameLocale,poi/classifications/item/0/names/item/1/name,streetNumber,streetName,municipality,countrySecondarySubdivision,countryTertiarySubdivision,countrySubdivision,countrySubdivisionName,postalCode,extendedPostalCode,countryCode,country,countryCodeISO3,freeformAddress,localName,lat,lon,viewport/topLeftPoint/lat,viewport/topLeftPoint/lon,viewport/btmRightPoint/lat,viewport/btmRightPoint/lon,entryPoints/item/0/type,entryPoints/item/0/position/lat,entryPoints/item/0/position/lon,poi/url,address/municipalitySubdivision,poi/brands/item/0/name
POI,US/POI/p0/9764862,2.1458098888397217,search:ta:840449000163602-US,Sayfs Enterprises,+(1)-(401)-9430002,9361009,convenience stores,shop,SHOP,en-US,shop,en-US,convenience stores,397,Dyer Ave,Cranston,Providence,Cranston,RI,Rhode Island,02920,029207087,US,United States,USA,"397 Dyer Ave, Cranston, RI 02920",Cranston,41.80325,-71.45858,41.80415,-71.45979,41.80235,-71.45737,main,41.8032,-71.45833,,,
POI,US/POI/p1/1347582,2.145709991455078,search:ta:840259000150817-US,Eastern Salt Co,+(1)-(978)-2518553,9361023,food drinks: grocers,shop,SHOP,en-US,food drinks: grocers,en-US,shop,15,Tyngsboro Rd,North Chelmsford,Middlesex,Chelmsford,MA,Massachusetts,01863,018631370,US,United States,USA,"15 Tyngsboro Rd, North Chelmsford, MA 01863",North Chelmsford,42.64,-71.38379,42.6409,-71.38501,42.6391,-71.38257,main,42.63984,-71.38397,roadsalt.com,North Chelmsford,
POI,US/POI/p0/1525758,2.1456899642944336,search:ta:840259001187375-US,Littleton Convinience,+(1)-(978)-3395365,9361009,convenience stores,shop,SHOP,en-US,shop,en-US,convenience stores,12,Jennifer St,Littleton Common,Middlesex,Littleton,MA,Massachusetts,01460,014601734,US,United States,USA,"12 Jennifer St, Littleton Common, MA 01460",Littleton Common,42.54485,-71.47424,42.54575,-71.47546,42.54395,-71.47302,main,42.54472,-71.47451,,,
POI,US/POI/p0/4065278,2.1456899642944336,search:ta:840091000240846-US,New Medical Foods,+(1)-(203)-4531064,9361023,food drinks: grocers,shop,SHOP,en-US,food drinks: grocers,en-US,shop,69,Brookwood Road,Guilford,New Haven,Guilford,CT,Connecticut,06437,,US,United States,USA,"69 Brookwood Road, Guilford, CT 06437",Guilford,41.31159,-72.72004,41.31249,-72.72124,41.31069,-72.71884,main,41.31166,-72.71955,,,
POI,US/POI/p0/1522686,2.1456799507141113,search:ta:840259000965014-US,Din Majid,+(1)-(413)-7327583,9361009,convenience stores,shop,SHOP,en-US,shop,en-US,convenience stores,179,Walnut St,Springfield,Hampden,Springfield,MA,Massachusetts,01105,011051528,US,United States,USA,"179 Walnut St, Springfield, MA 01105",Springfield,42.10431,-72.57139,42.10521,-72.5726,42.10341,-72.57018,main,42.1042,-72.57154,,,
POI,US/POI/p0/1504254,2.145669937133789,search:ta:840259002384629-US,Salvadorian Mini Mart,+(1)-(774)-4705086,9361009,convenience stores,shop,SHOP,en-US,shop,en-US,convenience stores,115,Corporation St,Barnstable Town,Barnstable,Barnstable Town,MA,Massachusetts,02601,026012296,US,United States,USA,"115 Corporation St, Barnstable Town, MA 02601",Barnstable Town,41.66643,-70.30017,41.66733,-70.30137,41.66553,-70.29897,main,41.66676,-70.30003,,Hyannis,
POI,US/POI/p1/1348606,2.145669937133789,search:ta:840259000047282-US,State Line Mart & Smoke Shop,+(1)-(508)-3365000,9361009,convenience stores,shop,SHOP,en-US,shop,en-US,convenience stores,155,Fall River Ave,Seekonk,Bristol,Seekonk,MA,Massachusetts,02771,027715531,US,United States,USA,"155 Fall River Ave, Seekonk, MA 02771",Seekonk,41.82381,-71.34203,41.82471,-71.34324,41.82291,-71.34082,main,41.82391,-71.34172,,,
POI,US/POI/p0/1369598,2.1456499099731445,search:ta:840259000711847-US,Absolutely Juiced,+(1)-(508)-5398700,9361023,food drinks: grocers,shop,SHOP,en-US,food drinks: grocers,en-US,shop,6,Northwest Lndg,New Seabury,Barnstable,Mashpee,MA,Massachusetts,02649,026494661,US,United States,USA,"6 Northwest Lndg, New Seabury, MA 02649",New Seabury,41.56325,-70.48627,41.56415,-70.48747,41.56235,-70.48507,main,41.56336,-70.4854,,,
POI,US/POI/p1/4158974,2.1456499099731445,search:ta:840099001229036-US,Cumberland Farms,+(1)-(860)-8710168,9361009,convenience stores,shop,SHOP,en-US,shop,en-US,convenience stores,5,Wapping Wood Rd,Ellington,Tolland,Ellington,CT,Connecticut,06029,060294007,US,United States,USA,"5 Wapping Wood Rd, Ellington, CT 06029",Ellington,41.8673,-72.49348,41.8682,-72.49469,41.8664,-72.49227,main,41.86709,-72.49332,,,Cumberland Farms
POI,US/POI/p0/4139518,2.1456398963928223,search:ta:840099001234272-US,Cumberland Farms,+(1)-(860)-4892865,9361009,convenience stores,shop,SHOP,en-US,shop,en-US,convenience stores,705,Migeon Ave,Torrington,Litchfield,Torrington,CT,Connecticut,06790,067904551,US,United States,USA,"705 Migeon Ave, Torrington, CT 06790",Torrington,41.81437,-73.13736,41.81527,-73.13857,41.81347,-73.13615,main,41.81444,-73.13734,https://locations.cumberlandfarms.com/us/ct/torrington/705-migeon-ave,,Cumberland Farms
POI,US/POI/p0/4135678,2.1456298828125,search:ta:840099000989989-US,Masas,+(1)-(203)-4694962,9361023,food drinks: grocers,shop,SHOP,en-US,food drinks: grocers,en-US,shop,192,Commerce St,East Haven,New Haven,East Haven,CT,Connecticut,06512,065124145,US,United States,USA,"192 Commerce St, East Haven, CT 06512",East Haven,41.25434,-72.87843,41.25524,-72.87963,41.25344,-72.87723,main,41.25428,-72.8782,,,
POI,US/POI/p0/4150014,2.1456298828125,search:ta:840099000984844-US,Bee Brook Water Co,+(1)-(860)-8689981,9361023,food drinks: grocers,shop,SHOP,en-US,food drinks: grocers,en-US,shop,50,Bell Hill Rd,Washington,Litchfield,Washington,CT,Connecticut,06793,067931501,US,United States,USA,"50 Bell Hill Rd, Washington, CT 06793",Washington,41.63095,-73.29487,41.63185,-73.29607,41.63005,-73.29367,main,41.63084,-73.29555,,,
POI,US/POI/p0/1588478,2.145620107650757,search:ta:840259000457243-US,Rice Companies,+(1)-(413)-6250258,9361009,convenience stores,shop,SHOP,en-US,shop,en-US,convenience stores,30,Conway St,Shelburne Falls,Franklin,Buckland,MA,Massachusetts,01370,013701197,US,United States,USA,"30 Conway St, Shelburne Falls, MA 01370",Shelburne Falls,42.6012,-72.73931,42.6021,-72.74053,42.6003,-72.73809,main,42.60133,-72.73917,,,
POI,US/POI/p0/4154622,2.145620107650757,search:ta:840099000147719-US,J & N Food And Grocery,+(1)-(203)-8651468,9361023,food drinks: grocers,shop,SHOP,en-US,food drinks: grocers,en-US,shop,131,Lamberton Street,New Haven,New Haven,New Haven,CT,Connecticut,06519,065192519,US,United States,USA,"131 Lamberton Street, New Haven, CT 06519",New Haven,41.29072,-72.937,41.29162,-72.9382,41.28982,-72.9358,main,41.29067,-72.93699,,,
POI,US/POI/p0/1361790,2.1456100940704346,search:ta:840251000428567-US,Notting Hall,+(1)-(781)-3403388,9361023,food drinks: grocers,shop,SHOP,en-US,food drinks: grocers,en-US,shop,502,Front St,Weymouth,Norfolk,Weymouth Town,MA,Massachusetts,02188,,US,United States,USA,"502 Front St, Weymouth, MA 02188",Weymouth,42.202,-70.95727,42.2029,-70.95848,42.2011,-70.95606,main,42.20195,-70.95821,nottinghall.com,,
POI,US/POI/p0/4066174,2.1456100940704346,search:ta:840091000284968-US,Center Market,+(1)-(860)-5241220,9361023,food drinks: grocers,shop,SHOP,en-US,food drinks: grocers,en-US,shop,256,Albany Avenue,Hartford,Hartford,Hartford,CT,Connecticut,06120,061202808,US,United States,USA,"256 Albany Avenue, Hartford, CT 06120",Hartford,41.77655,-72.68086,41.77745,-72.68207,41.77565,-72.67965,main,41.77644,-72.68092,,,
POI,US/POI/p0/9742206,2.1456100940704346,search:ta:840449000006340-US,Woonsocket Market,+(1)-(401)-7691000,9361009,convenience stores,shop,SHOP,en-US,shop,en-US,convenience stores,118,Main Street,Woonsocket,Providence,Woonsocket,RI,Rhode Island,02895,028954337,US,United States,USA,"118 Main Street, Woonsocket, RI 02895",Woonsocket,42.00233,-71.51467,42.00323,-71.51588,42.00143,-71.51346,main,42.00222,-71.51451,,,
POI,US/POI/p1/1178494,2.1456100940704346,search:ta:840259000400062-US,New Life,+(1)-(617)-4424237,9361023,food drinks: grocers,shop,SHOP,en-US,food drinks: grocers,en-US,shop,415,Blue Hill Ave,Boston,Suffolk,Boston,MA,Massachusetts,02121,021214387,US,United States,USA,"415 Blue Hill Ave, Boston, MA 02121",Boston,42.3108,-71.08187,42.3117,-71.08309,42.3099,-71.08065,main,42.31072,-71.08165,,Dorchester,
POI,US/POI/p1/1192830,2.1456100940704346,search:ta:840259002415261-US,Azteca Market,+(1)-(781)-2095770,9361009,convenience stores,shop,SHOP,en-US,shop,en-US,convenience stores,75,Pine St,Waltham,Middlesex,Waltham,MA,Massachusetts,02453,024535361,US,United States,USA,"75 Pine St, Waltham, MA 02453",Waltham,42.37078,-71.23356,42.37168,-71.23478,42.36988,-71.23234,main,42.37096,-71.23348,,,
POI,US/POI/p1/1349502,2.1456100940704346,search:ta:840251000459876-US,Jimmys Convenience Store,+(1)-(978)-9576500,9361009,convenience stores,shop,SHOP,en-US,shop,en-US,convenience stores,286,Pleasant St,Dracut,Middlesex,Dracut,MA,Massachusetts,01826,018264919,US,United States,USA,"286 Pleasant St, Dracut, MA 01826",Dracut,42.66489,-71.31386,42.66579,-71.31508,42.66399,-71.31264,main,42.66489,-71.31386,,,
POI,US/POI/p0/1362302,2.1456000804901123,search:ta:840259002277166-US,7-Eleven,+(1)-(781)-8711422,9361009,convenience stores,shop,SHOP,en-US,shop,en-US,convenience stores,2,Brockton Ave,Abington,Plymouth,Abington,MA,Massachusetts,02351,023511925,US,United States,USA,"2 Brockton Ave, Abington, MA 02351",Abington,42.10551,-70.94707,42.10641,-70.94828,42.10461,-70.94586,main,42.10583,-70.94682,https://www.7-eleven.com/locations/ma/abington/2-brockton-ave-32437,,7-Eleven
POI,US/POI/p0/1500798,2.1456000804901123,search:ta:840259001372757-US,Village Market,+(1)-(781)-2359700,9361023,food drinks: grocers,shop,SHOP,en-US,food drinks: grocers,en-US,shop,9,Washington St,Wellesley,Norfolk,Wellesley,MA,Massachusetts,02481,024811703,US,United States,USA,"9 Washington St, Wellesley, MA 02481",Wellesley,42.32537,-71.25968,42.32627,-71.2609,42.32447,-71.25846,main,42.32518,-71.25966,ucook.com,Wellesley Hills,
POI,US/POI/p0/1504894,2.1456000804901123,search:ta:840259001314713-US,Blue Fire Coffee Roasters,+(1)-(508)-4783473,9361023,food drinks: grocers,shop,SHOP,en-US,food drinks: grocers,en-US,shop,4,Rosenfeld Dr,Hopedale,Worcester,Hopedale,MA,Massachusetts,01747,017472117,US,United States,USA,"4 Rosenfeld Dr, Hopedale, MA 01747",Hopedale,42.10511,-71.51573,42.10601,-71.51694,42.10421,-71.51452,main,42.10552,-71.51585,,,
POI,US/POI/p0/1507710,2.1456000804901123,search:ta:840251000470875-US,Happy Family Food Market,+(1)-(617)-5421488,9361023,food drinks: grocers,shop,SHOP,en-US,food drinks: grocers,en-US,shop,11,Hudson St,Boston,Suffolk,Boston,MA,Massachusetts,02111,021111973,US,United States,USA,"11 Hudson St, Boston, MA 02111",Boston,42.35086,-71.06023,42.35176,-71.06145,42.34996,-71.05901,main,42.35082,-71.06005,www.a2zbizonline.com/jiale.html,Chinatown,
POI,US/POI/p0/1513854,2.1456000804901123,search:ta:840259002311783-US,7-Eleven,+(1)-(413)-5322021,9361009,convenience stores,shop,SHOP,en-US,shop,en-US,convenience stores,426,Newton St,South Hadley,Hampshire,South Hadley,MA,Massachusetts,01075,010752330,US,United States,USA,"426 Newton St, South Hadley, MA 01075",South Hadley,42.23422,-72.58445,42.23512,-72.58566,42.23332,-72.58324,main,42.23413,-72.58414,https://www.7-eleven.com/locations/ma/south-hadley/426-newton-st-15405,,7-Eleven
POI,US/POI/p0/4066942,2.1456000804901123,search:ta:840099000253492-US,Halal Food Market,+(1)-(860)-5600722,9361023,food drinks: grocers,shop,SHOP,en-US,food drinks: grocers,en-US,shop,398,Windsor Avenue,Windsor,Hartford,Windsor,CT,Connecticut,06095,060954467,US,United States,USA,"398 Windsor Avenue, Windsor, CT 06095",Windsor,41.81408,-72.65683,41.81498,-72.65804,41.81318,-72.65562,main,41.81458,-72.65692,,,
POI,US/POI/p0/4138366,2.1456000804901123,search:ta:840099000334396-US,1872 Middletown Ave,+(1)-(203)-2080852,9361009,convenience stores,shop,SHOP,en-US,shop,en-US,convenience stores,1872,Middletown Ave,Northford,New Haven,North Branford,CT,Connecticut,06472,064721172,US,United States,USA,"1872 Middletown Ave, Northford, CT 06472",Northford,41.41224,-72.76031,41.41314,-72.76151,41.41134,-72.75911,main,41.41178,-72.76011,,,
POI,US/POI/p1/1170046,2.1456000804901123,search:ta:840259001191572-US,Absolutely Juiced,+(1)-(508)-5398700,9361023,food drinks: grocers,shop,SHOP,en-US,food drinks: grocers,en-US,shop,6,North Way,Mashpee,Barnstable,Mashpee,MA,Massachusetts,02649,,US,United States,USA,"6 North Way, Mashpee, MA 02649",Mashpee,41.6096,-70.48467,41.6105,-70.48587,41.6087,-70.48347,main,41.6096,-70.48431,,,
POI,US/POI/p1/1195390,2.1456000804901123,search:ta:840259001291097-US,Daddy's Dairy,+(1)-(781)-8480048,9361023,food drinks: grocers,shop,SHOP,en-US,food drinks: grocers,en-US,shop,120,Union St,Braintree,Norfolk,Braintree Town,MA,Massachusetts,02184,,US,United States,USA,"120 Union St, Braintree, MA 02184",Braintree,42.20943,-70.99973,42.21033,-71.00094,42.20853,-70.99852,main,42.20929,-70.99964,,,
POI,US/POI/p1/9901694,2.1456000804901123,search:ta:840509000125941-US,Saxton's River Distillery,+(1)-(802)-2461128,9361066,shop,wholesale clubs,SHOP,en-US,shop,en-US,wholesale clubs,485,W River Rd,Brattleboro,Windham,Brattleboro,VT,Vermont,05301,053019006,US,United States,USA,"485 W River Rd, Brattleboro, VT 05301",Brattleboro,42.87954,-72.57643,42.88044,-72.57766,42.87864,-72.5752,main,42.87922,-72.57673,www.saplingliqueur.com,,
POI,US/POI/p0/1356414,2.14559006690979,search:ta:840251000499631-US,D & D Convenience Store,+(1)-(617)-2889501,9361009,convenience stores,shop,SHOP,en-US,shop,en-US,convenience stores,1002,Dorchester Ave,Boston,Suffolk,Boston,MA,Massachusetts,02125,021251314,US,United States,USA,"1002 Dorchester Ave, Boston, MA 02125",Boston,42.31648,-71.05644,42.31738,-71.05766,42.31558,-71.05522,main,42.31648,-71.05669,,Dorchester,
POI,US/POI/p0/1509502,2.14559006690979,search:ta:840259002407310-US,Alltown,+(1)-(413)-4365648,9361009,convenience stores,shop,SHOP,en-US,shop,en-US,convenience stores,1300,Main St,Warren,Worcester,Warren,MA,Massachusetts,01083,,US,United States,USA,"1300 Main St, Warren, MA 01083",Warren,42.21594,-72.20572,42.21684,-72.20693,42.21504,-72.20451,main,42.21551,-72.20616,https://www.alltown.com/locator,,
POI,US/POI/p0/4137598,2.14559006690979,search:ta:840091000364291-US,Branford Green Grocer,+(1)-(203)-2083270,9361023,food drinks: grocers,shop,SHOP,en-US,food drinks: grocers,en-US,shop,1036,Main St,Branford Center,New Haven,Branford,CT,Connecticut,06405,064053732,US,United States,USA,"1036 Main St, Branford Center, CT 06405",Branford Center,41.28225,-72.81103,41.28315,-72.81223,41.28135,-72.80983,main,41.28215,-72.81088,,,
POI,US/POI/p0/4154494,2.14559006690979,search:ta:840091000350662-US,Sofrito Ponce,+(1)-(203)-7776937,9361023,food drinks: grocers,shop,SHOP,en-US,food drinks: grocers,en-US,shop,145,Adeline St,New Haven,New Haven,New Haven,CT,Connecticut,06519,065192037,US,United States,USA,"145 Adeline St, New Haven, CT 06519",New Haven,41.29348,-72.94354,41.29438,-72.94474,41.29258,-72.94234,main,41.29344,-72.94352,www.sofritoponce.com,,
POI,US/POI/p0/4158398,2.14559006690979,search:ta:840099000082628-US,Chat Chew & Chocolate,+(1)-(860)-5387375,9361023,food drinks: grocers,shop,SHOP,en-US,food drinks: grocers,en-US,shop,482,East Street,New Britain,Hartford,New Britain,CT,Connecticut,06051,060517202,US,United States,USA,"482 East Street, New Britain, CT 06051",New Britain,41.66623,-72.76589,41.66713,-72.76709,41.66533,-72.76469,main,41.66625,-72.76547,,,
POI,US/POI/p0/9599934,2.14559006690979,search:ta:840339000139461-US,J-Don's Variety,+(1)-(603)-8895742,9361009,convenience stores,shop,SHOP,en-US,shop,en-US,convenience stores,,Rt 111 W,Nashua,Hillsborough,Nashua,NH,New Hampshire,03062,,US,United States,USA,"Rt 111 W, Nashua, NH 03062",Nashua,42.71913,-71.53518,42.72003,-71.5364,42.71823,-71.53396,main,42.71911,-71.53516,www.citgo.com,,
POI,US/POI/p0/9745022,2.14559006690979,search:ta:840449000310524-US,Cumberland Farms,+(1)-(401)-7821896,9361009,convenience stores,shop,SHOP,en-US,shop,en-US,convenience stores,909,Boston Neck Rd,Narragansett,Washington,Narragansett,RI,Rhode Island,02882,028821758,US,United States,USA,"909 Boston Neck Rd, Narragansett, RI 02882",Narragansett,41.47584,-71.43454,41.47674,-71.43574,41.47494,-71.43334,main,41.47565,-71.43514,www.cumberlandfarms.com,,Cumberland Farms
POI,US/POI/p1/1169342,2.14559006690979,search:ta:840259000127584-US,South River Miso Co,+(1)-(413)-3694057,9361023,food drinks: grocers,shop,SHOP,en-US,food drinks: grocers,en-US,shop,888,Shelburne Falls Rd,Conway,Franklin,Conway,MA,Massachusetts,01341,013419662,US,United States,USA,"888 Shelburne Falls Rd, Conway, MA 01341",Conway,42.53191,-72.70062,42.53281,-72.70184,42.53101,-72.6994,main,42.53186,-72.70098,www.southrivermiso.com,,
POI,US/POI/p1/1178750,2.14559006690979,search:ta:840259002262285-US,APlus,+(1)-(978)-5346190,9361009,convenience stores,shop,SHOP,en-US,shop,en-US,convenience stores,701,Central St,Leominster,Worcester,Leominster,MA,Massachusetts,01453,014536100,US,United States,USA,"701 Central St, Leominster, MA 01453",Leominster,42.50347,-71.74766,42.50437,-71.74888,42.50257,-71.74644,main,42.50364,-71.7474,https://www.sunoco.com,,APlus
POI,US/POI/p1/1187966,2.14559006690979,search:ta:840259000752905-US,Perry Vintage Toys and Convenience,+(1)-(774)-6289947,9361009,convenience stores,shop,SHOP,en-US,shop,en-US,convenience stores,274,Cedar St,New Bedford,Bristol,New Bedford,MA,Massachusetts,02740,027404589,US,United States,USA,"274 Cedar St, New Bedford, MA 02740",New Bedford,41.64384,-70.93613,41.64474,-70.93733,41.64294,-70.93493,main,41.6438,-70.93631,,,
POI,US/POI/p1/1343422,2.14559006690979,search:ta:840251000561805-US,Himalayan Salt Company,+(1)-(508)-8450033,9361023,food drinks: grocers,shop,SHOP,en-US,food drinks: grocers,en-US,shop,167,Memorial Dr,Shrewsbury,Worcester,Shrewsbury,MA,Massachusetts,01545,0154562,US,United States,USA,"167 Memorial Dr, Shrewsbury, MA 01545",Shrewsbury,42.25691,-71.70981,42.25781,-71.71103,42.25601,-71.70859,main,42.25695,-71.71162,,,
POI,US/POI/p1/4153470,2.14559006690979,search:ta:840099000510213-US,Sandwichon Grocery 2,+(1)-(860)-5600446,9361023,food drinks: grocers,shop,SHOP,en-US,food drinks: grocers,en-US,shop,874,Park St,Hartford,Hartford,Hartford,CT,Connecticut,06106,061062330,US,United States,USA,"874 Park St, Hartford, CT 06106",Hartford,41.75828,-72.69196,41.75918,-72.69317,41.75738,-72.69075,main,41.75814,-72.69196,,Frog Hollow,
POI,US/POI/p1/4165566,2.14559006690979,search:ta:840099001208294-US,Enfield Food Mart,+(1)-(860)-6986409,9361023,food drinks: grocers,shop,SHOP,en-US,food drinks: grocers,en-US,shop,935,Enfield St,Thompsonville,Hartford,Enfield,CT,Connecticut,06082,,US,United States,USA,"935 Enfield St, Thompsonville, CT 06082",Thompsonville,41.99634,-72.59409,41.99724,-72.5953,41.99544,-72.59288,main,41.99631,-72.59444,,,
POI,US/POI/p0/1358270,2.1455800533294678,search:ta:840259000251986-US,Anh Enterprises,+(1)-(781)-2314995,9361009,convenience stores,shop,SHOP,en-US,shop,en-US,convenience stores,465,Essex St,Saugus,Essex,Saugus,MA,Massachusetts,01906,019062274,US,United States,USA,"465 Essex St, Saugus, MA 01906",Saugus,42.46115,-71.03648,42.46205,-71.0377,42.46025,-71.03526,main,42.46088,-71.03666,,,
POI,US/POI/p0/1448638,2.1455800533294678,search:ta:840251000453719-US,La Favorita Market,+(1)-(617)-2540177,9361009,convenience stores,shop,SHOP,en-US,shop,en-US,convenience stores,66,Harvard Ave,Boston,Suffolk,Boston,MA,Massachusetts,02134,021341771,US,United States,USA,"66 Harvard Ave, Boston, MA 02134",Boston,42.35399,-71.13204,42.35489,-71.13326,42.35309,-71.13082,main,42.35395,-71.13232,,Allston,
POI,US/POI/p0/1451454,2.1455800533294678,search:ta:840259002368820-US,Reading Quick Stop,+(1)-(781)-9442440,9361009,convenience stores,shop,SHOP,en-US,shop,en-US,convenience stores,519,Main Street,Reading,Middlesex,Reading,MA,Massachusetts,01867,018673161,US,United States,USA,"519 Main Street, Reading, MA 01867",Reading,42.52227,-71.10276,42.52317,-71.10398,42.52137,-71.10154,main,42.52228,-71.10313,,,
POI,US/POI/p0/1501886,2.1455800533294678,search:ta:840259000337316-US,One Stop Market,+(1)-(781)-3498499,9361009,convenience stores,shop,SHOP,en-US,shop,en-US,convenience stores,914,Washington St,Norwood,Norfolk,Norwood,MA,Massachusetts,02062,020626601,US,United States,USA,"914 Washington St, Norwood, MA 02062",Norwood,42.18569,-71.20291,42.18659,-71.20412,42.18479,-71.2017,main,42.1857,-71.20313,,,
POI,US/POI/p0/1526974,2.1455800533294678,search:ta:840259002326397-US,The Village General Store,+(1)-(508)-2248180,9361009,convenience stores,shop,SHOP,en-US,shop,en-US,convenience stores,700,State Rd,Plymouth,Plymouth,Plymouth,MA,Massachusetts,02360,023605108,US,United States,USA,"700 State Rd, Plymouth, MA 02360",Plymouth,41.91735,-70.55737,41.91825,-70.55858,41.91645,-70.55616,main,41.91712,-70.55752,,,
POI,US/POI/p0/4065982,2.1455800533294678,search:ta:840091000352767-US,Productos Hispanos Texas,+(1)-(860)-5272848,9361023,food drinks: grocers,shop,SHOP,en-US,food drinks: grocers,en-US,shop,624,Park Street,Hartford,Hartford,Hartford,CT,Connecticut,06106,061064615,US,United States,USA,"624 Park Street, Hartford, CT 06106",Hartford,41.75816,-72.68729,41.75906,-72.6885,41.75726,-72.68608,main,41.75806,-72.68731,,Frog Hollow,
POI,US/POI/p0/4066494,2.1455800533294678,search:ta:840099000741139-US,Veras Market,+(1)-(860)-9042776,9361023,food drinks: grocers,shop,SHOP,en-US,food drinks: grocers,en-US,shop,241,Wethersfield Avenue,Hartford,Hartford,Hartford,CT,Connecticut,06114,061141194,US,United States,USA,"241 Wethersfield Avenue, Hartford, CT 06114",Hartford,41.74921,-72.67395,41.75011,-72.67516,41.74831,-72.67274,main,41.74923,-72.67367,,Barry Square,
POI,US/POI/p0/4138174,2.1455800533294678,search:ta:840099000524177-US,Uncle Louie G,+(1)-(203)-2348748,9361023,food drinks: grocers,shop,SHOP,en-US,food drinks: grocers,en-US,shop,344,Washington Ave,North Haven,New Haven,North Haven,CT,Connecticut,06473,064731308,US,United States,USA,"344 Washington Ave, North Haven, CT 06473",North Haven,41.40654,-72.84527,41.40744,-72.84647,41.40564,-72.84407,main,41.40663,-72.8455,,,
POI,US/POI/p0/4146878,2.1455800533294678,search:ta:840099000238287-US,Peachwave,+(1)-(475)-2352360,9361023,food drinks: grocers,shop,SHOP,en-US,food drinks: grocers,en-US,shop,3670,E Main St,Waterbury,New Haven,Waterbury,CT,Connecticut,06705,067053870,US,United States,USA,"3670 E Main St, Waterbury, CT 06705",Waterbury,41.54247,-72.96666,41.54337,-72.96786,41.54157,-72.96546,main,41.54321,-72.96717,www.peachwaveyogurt.com,Pierpoint Road,
POI,US/POI/p0/4154814,2.1455800533294678,search:ta:840091000231859-US,R & L Grocery Store,+(1)-(203)-5625096,9361023,food drinks: grocers,shop,SHOP,en-US,food drinks: grocers,en-US,shop,151,Portsea Street,New Haven,New Haven,New Haven,CT,Connecticut,06519,065192207,US,United States,USA,"151 Portsea Street, New Haven, CT 06519",New Haven,41.29756,-72.93039,41.29846,-72.93159,41.29666,-72.92919,main,41.29751,-72.93038,,,
POI,US/POI/p0/9742782,2.1455800533294678,search:ta:840449000263371-US,Jw Mini Market,+(1)-(401)-2314949,9361009,convenience stores,shop,SHOP,en-US,shop,en-US,convenience stores,146,Waterman Ave,North Providence,Providence,North Providence,RI,Rhode Island,02911,029111090,US,United States,USA,"146 Waterman Ave, North Providence, RI 02911",North Providence,41.86458,-71.48909,41.86548,-71.4903,41.86368,-71.48788,main,41.86465,-71.48892,,,
POI,US/POI/p1/1166782,2.1455800533294678,search:ta:840259001112693-US,Caribbean,+(1)-(617)-5067590,9361023,food drinks: grocers,shop,SHOP,en-US,food drinks: grocers,en-US,shop,558,Washington St,Boston,Suffolk,Boston,MA,Massachusetts,02124,021246945,US,United States,USA,"558 Washington St, Boston, MA 02124",Boston,42.29215,-71.07152,42.29305,-71.07274,42.29125,-71.0703,main,42.29214,-71.07175,,Dorchester Center,
POI,US/POI/p1/1170110,2.1455800533294678,search:ta:840259002126190-US,San Antonio Snacks By Tom's Snacks,+(1)-(210)-2271702,9361023,food drinks: grocers,shop,SHOP,en-US,food drinks: grocers,en-US,shop,939,Boylston St,Boston,Suffolk,Boston,MA,Massachusetts,02115,021153192,US,United States,USA,"939 Boylston St, Boston, MA 02115",Boston,42.34828,-71.08502,42.34918,-71.08624,42.34738,-71.0838,main,42.34804,-71.08491,,Back Bay,
POI,US/POI/p1/1179070,2.1455800533294678,search:ta:840259000995066-US,Jd & E Ecom,+(1)-(774)-7773958,9361066,shop,wholesale clubs,SHOP,en-US,shop,en-US,wholesale clubs,92,Blandin Ave,Framingham,Middlesex,Framingham,MA,Massachusetts,01702,017027072,US,United States,USA,"92 Blandin Ave, Framingham, MA 01702",Framingham,42.27456,-71.40934,42.27546,-71.41056,42.27366,-71.40812,main,42.27434,-71.41079,,,
POI,US/POI/p1/1191102,2.1455800533294678,search:ta:840259001098798-US,7-Eleven,+(1)-(508)-2383984,9361009,convenience stores,shop,SHOP,en-US,shop,en-US,convenience stores,11,Columbus Ave,North Easton,Bristol,Easton,MA,Massachusetts,02356,023561819,US,United States,USA,"11 Columbus Ave, North Easton, MA 02356",North Easton,42.06023,-71.10326,42.06113,-71.10447,42.05933,-71.10205,main,42.06002,-71.10324,www.7-eleven.com,,7-Eleven
POI,US/POI/p1/1338814,2.1455800533294678,search:ta:840259000772156-US,Quality Mart,+(1)-(413)-7838167,9361009,convenience stores,shop,SHOP,en-US,shop,en-US,convenience stores,1352,Allen St,Springfield,Hampden,Springfield,MA,Massachusetts,01118,011182526,US,United States,USA,"1352 Allen St, Springfield, MA 01118",Springfield,42.09398,-72.51515,42.09488,-72.51636,42.09308,-72.51394,main,42.0943,-72.5153,www.qualitymart.com,,
POI,US/POI/p1/1343934,2.1455800533294678,search:ta:840251000542096-US,481 Yogi Convenience Store,+(1)-(508)-2340009,9361009,convenience stores,shop,SHOP,en-US,shop,en-US,convenience stores,218,Church Ave,Northbridge,Worcester,Northbridge,MA,Massachusetts,01534,015341247,US,United States,USA,"218 Church Ave, Northbridge, MA 01534",Northbridge,42.15086,-71.64396,42.15176,-71.64517,42.14996,-71.64275,main,42.15086,-71.64396,,,
POI,US/POI/p1/1344190,2.1455800533294678,search:ta:840259002270220-US,7-Eleven,+(1)-(508)-8700054,9361009,convenience stores,shop,SHOP,en-US,shop,en-US,convenience stores,2,South St,Westborough,Worcester,Westborough,MA,Massachusetts,01581,015811647,US,United States,USA,"2 South St, Westborough, MA 01581",Westborough,42.26935,-71.6124,42.27025,-71.61362,42.26845,-71.61118,main,42.26933,-71.61275,https://www.7-eleven.com/locations/ma/westborough/2-south-st-34430,,7-Eleven
POI,US/POI/p1/1345214,2.1455800533294678,search:ta:840251000501927-US,Country Farms,+(1)-(508)-4970908,9361009,convenience stores,shop,SHOP,en-US,shop,en-US,convenience stores,3,Cedar St,Hopkinton,Middlesex,Hopkinton,MA,Massachusetts,01748,,US,United States,USA,"3 Cedar St, Hopkinton, MA 01748",Hopkinton,42.2291,-71.52233,42.23,-71.52354,42.2282,-71.52112,main,42.22911,-71.52225,www.gulfoil.com,,
POI,US/POI/p1/9725374,2.1455800533294678,search:ta:840441000077075-US,Darlington Market,+(1)-(401)-7235710,9361009,convenience stores,shop,SHOP,en-US,shop,en-US,convenience stores,614,Central Ave,Pawtucket,Providence,Pawtucket,RI,Rhode Island,02861,028615921,US,United States,USA,"614 Central Ave, Pawtucket, RI 02861",Pawtucket,41.88689,-71.3596,41.88779,-71.36081,41.88599,-71.35839,main,41.88666,-71.35952,,,
POI,US/POI/p0/1452350,2.1455700397491455,search:ta:840259000422008-US,Richdale Convenience Store,+(1)-(978)-8915368,9361009,convenience stores,shop,SHOP,en-US,shop,en-US,convenience stores,352,Washington Street,Haverhill,Essex,Haverhill,MA,Massachusetts,01832,018325336,US,United States,USA,"352 Washington Street, Haverhill, MA 01832",Haverhill,42.77084,-71.09272,42.77174,-71.09395,42.76994,-71.09149,main,42.77095,-71.09276,,,
POI,US/POI/p0/1523518,2.1455700397491455,search:ta:840259002355607-US,Union Street Market,+(1)-(617)-3949243,9361009,convenience stores,shop,SHOP,en-US,shop,en-US,convenience stores,140,Union St,Everett,Middlesex,Everett,MA,Massachusetts,02149,021494801,US,United States,USA,"140 Union St, Everett, MA 02149",Everett,42.40475,-71.04128,42.40565,-71.0425,42.40385,-71.04006,main,42.40458,-71.04136,,,
POI,US/POI/p0/1524286,2.1455700397491455,search:ta:840259000109712-US,Food Land,+(1)-(781)-2290108,9361023,food drinks: grocers,shop,SHOP,en-US,food drinks: grocers,en-US,shop,120,Cambridge St,Burlington,Middlesex,Burlington,MA,Massachusetts,01803,018034117,US,United States,USA,"120 Cambridge St, Burlington, MA 01803",Burlington,42.49997,-71.19402,42.50087,-71.19524,42.49907,-71.1928,main,42.49982,-71.19428,,,
POI,US/POI/p0/1527102,2.1455700397491455,search:ta:840259001175473-US,Joe's Bargains & Discounts,+(1)-(508)-9956500,9361009,convenience stores,shop,SHOP,en-US,shop,en-US,convenience stores,1894,Acushnet Ave,New Bedford,Bristol,New Bedford,MA,Massachusetts,02746,027462109,US,United States,USA,"1894 Acushnet Ave, New Bedford, MA 02746",New Bedford,41.67255,-70.92473,41.67345,-70.92593,41.67165,-70.92353,main,41.6726,-70.92484,,,
POI,US/POI/p0/4065470,2.1455700397491455,search:ta:840099000210072-US,One Stop Convenience,+(1)-(860)-8991503,9361009,convenience stores,shop,SHOP,en-US,shop,en-US,convenience stores,161,Whitney Street,Hartford,Hartford,Hartford,CT,Connecticut,06105,061052268,US,United States,USA,"161 Whitney Street, Hartford, CT 06105",Hartford,41.77183,-72.71201,41.77273,-72.71322,41.77093,-72.7108,main,41.77182,-72.71184,,West End,
POI,US/POI/p0/4066110,2.1455700397491455,search:ta:840099000173021-US,Papayo Grocery,+(1)-(860)-7279061,9361023,food drinks: grocers,shop,SHOP,en-US,food drinks: grocers,en-US,shop,215,Capen Street,Hartford,Hartford,Hartford,CT,Connecticut,06120,061202071,US,United States,USA,"215 Capen Street, Hartford, CT 06120",Hartford,41.78588,-72.68268,41.78678,-72.68389,41.78498,-72.68147,main,41.78603,-72.68263,,Northeast,
POI,US/POI/p0/4136254,2.1455700397491455,search:ta:840099001177190-US,Alltown,,9361009,convenience stores,shop,SHOP,en-US,shop,en-US,convenience stores,,Rt 15,North Haven,New Haven,North Haven,CT,Connecticut,06473,,US,United States,USA,"Rt 15, North Haven, CT 06473",North Haven,41.39821,-72.86888,41.39911,-72.87008,41.39731,-72.86768,main,41.39824,-72.8689,,,
POI,US/POI/p0/4151614,2.1455700397491455,search:ta:840099000064857-US,Addeos,+(1)-(203)-9221988,9361023,food drinks: grocers,shop,SHOP,en-US,food drinks: grocers,en-US,shop,97,Center Street,Shelton,Fairfield,Shelton,CT,Connecticut,06484,,US,United States,USA,"97 Center Street, Shelton, CT 06484",Shelton,41.316,-73.09448,41.3169,-73.09568,41.3151,-73.09328,main,41.31568,-73.09457,,,
POI,US/POI/p0/4152894,2.1455700397491455,search:ta:840099000089803-US,The Daily Grind,+(1)-(203)-7572222,9361023,food drinks: grocers,shop,SHOP,en-US,food drinks: grocers,en-US,shop,167,E Main St,Waterbury,New Haven,Waterbury,CT,Connecticut,06702,067022313,US,United States,USA,"167 E Main St, Waterbury, CT 06702",Waterbury,41.5558,-73.04001,41.5567,-73.04121,41.5549,-73.03881,main,41.5551,-73.03803,,Waterbury Central Business District,
POI,US/POI/p0/4155710,2.1455700397491455,search:ta:840091000293771-US,Ayometla Grocery,+(1)-(203)-7522525,9361023,food drinks: grocers,shop,SHOP,en-US,food drinks: grocers,en-US,shop,554,Ferry St,New Haven,New Haven,New Haven,CT,Connecticut,06513,065133053,US,United States,USA,"554 Ferry St, New Haven, CT 06513",New Haven,41.31481,-72.89709,41.31571,-72.89829,41.31391,-72.89589,main,41.31483,-72.8969,,Fair Haven,
POI,US/POI/p0/9745470,2.1455700397491455,search:ta:840449000322236-US,Cumberland Farms,+(1)-(401)-4342245,9361009,convenience stores,shop,SHOP,en-US,shop,en-US,convenience stores,2812,Pawtucket Ave,East Providence,Providence,East Providence,RI,Rhode Island,02915,029154911,US,United States,USA,"2812 Pawtucket Ave, East Providence, RI 02915",East Providence,41.79776,-71.36312,41.79866,-71.36433,41.79686,-71.36191,main,41.79785,-71.36344,,,Cumberland Farms
POI,US/POI/p1/1167166,2.1455700397491455,search:ta:840259002389612-US,Richdale Food Stores,,9361009,convenience stores,shop,SHOP,en-US,shop,en-US,convenience stores,,Chickering Rd,North Andover,Essex,North Andover,MA,Massachusetts,01845,018455199,US,United States,USA,"Chickering Rd, North Andover, MA 01845",North Andover,42.67956,-71.12393,42.68046,-71.12515,42.67866,-71.12271,main,42.67962,-71.12413,,,
POI,US/POI/p1/1171646,2.1455700397491455,search:ta:840259001098718-US,7-Eleven,+(1)-(508)-7711297,9361009,convenience stores,shop,SHOP,en-US,shop,en-US,convenience stores,696,Yarmouth Rd,Barnstable Town,Barnstable,Barnstable Town,MA,Massachusetts,02601,026012090,US,United States,USA,"696 Yarmouth Rd, Barnstable Town, MA 02601",Barnstable Town,41.67138,-70.26757,41.67228,-70.26877,41.67048,-70.26637,main,41.6714,-70.26763,www.7-eleven.com,Hyannis,7-Eleven
POI,US/POI/p1/1172542,2.1455700397491455,search:ta:840259002295821-US,Village Variety,+(1)-(978)-4541315,9361009,convenience stores,shop,SHOP,en-US,shop,en-US,convenience stores,1301,Pawtucket Blvd,Lowell,Middlesex,Lowell,MA,Massachusetts,01854,018541816,US,United States,USA,"1301 Pawtucket Blvd, Lowell, MA 01854",Lowell,42.6462,-71.37682,42.6471,-71.37804,42.6453,-71.3756,main,42.64612,-71.37713,,Pawtucketville,
POI,US/POI/p1/4155198,2.1455700397491455,search:ta:840091000220571-US,Star Food Market,+(1)-(860)-3568000,9361023,food drinks: grocers,shop,SHOP,en-US,food drinks: grocers,en-US,shop,124,Jubilee St,New Britain,Hartford,New Britain,CT,Connecticut,06051,060512453,US,United States,USA,"124 Jubilee St, New Britain, CT 06051",New Britain,41.66922,-72.76093,41.67012,-72.76213,41.66832,-72.75973,main,41.66902,-72.76089,,,
POI,US/POI/p1/4166718,2.1455700397491455,search:ta:840099000559141-US,Casa Latina Convenience Ma,+(1)-(860)-4889515,9361009,convenience stores,shop,SHOP,en-US,shop,en-US,convenience stores,12,Bridge St,New Milford,Litchfield,New Milford,CT,Connecticut,06776,067763528,US,United States,USA,"12 Bridge St, New Milford, CT 06776",New Milford,41.57522,-73.41384,41.57612,-73.41504,41.57432,-73.41264,main,41.57552,-73.41402,,,
POI,US/POI/p1/9617214,2.1455700397491455,search:ta:840339000126594-US,Bellavance Beverage Co,+(1)-(603)-8829722,9361066,shop,wholesale clubs,SHOP,en-US,shop,en-US,wholesale clubs,120,Northwest Blvd,Nashua,Hillsborough,Nashua,NH,New Hampshire,03063,030634006,US,United States,USA,"120 Northwest Blvd, Nashua, NH 03063",Nashua,42.79254,-71.54038,42.79344,-71.54161,42.79164,-71.53915,main,42.79297,-71.5413,www.bellavancebev.com,,
POI,US/POI/p0/1362398,2.1455600261688232,search:ta:840259000057628-US,Downtown Market,+(1)-(781)-5817082,9361023,food drinks: grocers,shop,SHOP,en-US,food drinks: grocers,en-US,shop,132,Munroe St,Lynn,Essex,Lynn,MA,Massachusetts,01901,019011214,US,United States,USA,"132 Munroe St, Lynn, MA 01901",Lynn,42.46383,-70.94581,42.46473,-70.94703,42.46293,-70.94459,main,42.4637,-70.9457,,,
POI,US/POI/p0/1447390,2.1455600261688232,search:ta:840251000567390-US,The Lucky 7,+(1)-(978)-4744110,9361009,convenience stores,shop,SHOP,en-US,shop,en-US,convenience stores,200,Brickstone Sq,Andover,Essex,Andover,MA,Massachusetts,01810,,US,United States,USA,"200 Brickstone Sq, Andover, MA 01810",Andover,42.67457,-71.14598,42.67547,-71.1472,42.67367,-71.14476,main,42.67509,-71.14631,,,
POI,US/POI/p0/1453790,2.1455600261688232,search:ta:840251000503107-US,Convenience Station,+(1)-(978)-3721872,9361009,convenience stores,shop,SHOP,en-US,shop,en-US,convenience stores,105,White St,Haverhill,Essex,Haverhill,MA,Massachusetts,01830,018305738,US,United States,USA,"105 White St, Haverhill, MA 01830",Haverhill,42.77973,-71.07957,42.78063,-71.0808,42.77883,-71.07834,main,42.77984,-71.07963,,,
POI,US/POI/p0/1454142,2.1455600261688232,search:ta:840251000541922-US,7-Eleven,+(1)-(781)-2464755,9361009,convenience stores,shop,SHOP,en-US,shop,en-US,convenience stores,193,Albion St,Wakefield,Middlesex,Wakefield,MA,Massachusetts,01880,018803171,US,United States,USA,"193 Albion St, Wakefield, MA 01880",Wakefield,42.50075,-71.07686,42.50165,-71.07808,42.49985,-71.07564,main,42.50057,-71.07654,www.7-eleven.com,,7-Eleven
POI,US/POI/p0/1503198,2.1455600261688232,search:ta:840259001120121-US,7-Eleven,+(1)-(781)-5931867,9361009,convenience stores,shop,SHOP,en-US,shop,en-US,convenience stores,625,Boston St,Lynn,Essex,Lynn,MA,Massachusetts,01905,019052090,US,United States,USA,"625 Boston St, Lynn, MA 01905",Lynn,42.46373,-70.97634,42.46463,-70.97756,42.46283,-70.97512,main,42.46361,-70.97631,www.7-eleven.com,,7-Eleven
POI,US/POI/p0/1503966,2.1455600261688232,search:ta:840259001933901-US,Julio's Convenience,+(1)-(978)-2080270,9361009,convenience stores,shop,SHOP,en-US,shop,en-US,convenience stores,140,Water St,Lawrence,Essex,Lawrence,MA,Massachusetts,01841,018414722,US,United States,USA,"140 Water St, Lawrence, MA 01841",Lawrence,42.69947,-71.17149,42.70037,-71.17271,42.69857,-71.17027,main,42.6996,-71.17167,,,
POI,US/POI/p0/1507294,2.1455600261688232,search:ta:840259000776081-US,Moon M Mart,+(1)-(774)-2033589,9361009,convenience stores,shop,SHOP,en-US,shop,en-US,convenience stores,83,Pleasant St,Attleboro,Bristol,Attleboro,MA,Massachusetts,02703,027032305,US,United States,USA,"83 Pleasant St, Attleboro, MA 02703",Attleboro,41.94698,-71.27968,41.94788,-71.28089,41.94608,-71.27847,main,41.94698,-71.27968,,,
POI,US/POI/p0/1511646,2.1455600261688232,search:ta:840259001033661-US,ARA Convenience,+(1)-(413)-7460868,9361023,food drinks: grocers,shop,SHOP,en-US,food drinks: grocers,en-US,shop,560,State St,Springfield,Hampden,Springfield,MA,Massachusetts,01109,,US,United States,USA,"560 State St, Springfield, MA 01109",Springfield,42.10975,-72.57387,42.11065,-72.57508,42.10885,-72.57266,main,42.10947,-72.57382,,,
POI,US/POI/p0/1518046,2.1455600261688232,search:ta:840259001089086-US,Georges Variety,+(1)-(508)-6725000,9361009,convenience stores,shop,SHOP,en-US,shop,en-US,convenience stores,337,Globe St,Fall River,Bristol,Fall River,MA,Massachusetts,02724,027242665,US,United States,USA,"337 Globe St, Fall River, MA 02724",Fall River,41.68842,-71.17455,41.68932,-71.17575,41.68752,-71.17335,main,41.68842,-71.17455,,,
POI,US/POI/p0/4071390,2.1455600261688232,search:ta:840099000033628-US,Broad Street Convience,+(1)-(860)-2223530,9361009,convenience stores,shop,SHOP,en-US,shop,en-US,convenience stores,264,Broad St,Norwich,New London,Norwich,CT,Connecticut,06360,063604523,US,United States,USA,"264 Broad St, Norwich, CT 06360",Norwich,41.53175,-72.06979,41.53265,-72.07099,41.53085,-72.06859,main,41.53153,-72.06991,,,
POI,US/POI/p0/4134750,2.1455600261688232,search:ta:840099000587792-US,Indulge Coffee Co,+(1)-(860)-4158575,9361023,food drinks: grocers,shop,SHOP,en-US,food drinks: grocers,en-US,shop,17,High St,Stonington,New London,Stonington,CT,Connecticut,06378,063781226,US,United States,USA,"17 High St, Stonington, CT 06378",Stonington,41.33574,-71.90676,41.33664,-71.90796,41.33484,-71.90556,main,41.33589,-71.90676,,,
POI,US/POI/p0/4145630,2.1455600261688232,search:ta:840099000546179-US,Tropicana Product Sales,+(1)-(203)-2507186,9361023,food drinks: grocers,shop,SHOP,en-US,food drinks: grocers,en-US,shop,615,W Johnson Ave,Cheshire,New Haven,Cheshire,CT,Connecticut,06410,064104529,US,United States,USA,"615 W Johnson Ave, Cheshire, CT 06410",Cheshire,41.55696,-72.91215,41.55786,-72.91335,41.55606,-72.91095,main,41.55689,-72.9109,,,
POI,US/POI/p0/4149214,2.1455600261688232,search:ta:840099000743281-US,Gms Mini Mart,+(1)-(860)-8878611,9361009,convenience stores,shop,SHOP,en-US,shop,en-US,convenience stores,760,N Main St,Norwich,New London,Norwich,CT,Connecticut,06360,063602821,US,United States,USA,"760 N Main St, Norwich, CT 06360",Norwich,41.54331,-72.05463,41.54421,-72.05583,41.54241,-72.05343,main,41.54346,-72.05441,,,
POI,US/POI/p1/1175518,2.1455600261688232,search:ta:840259001014258-US,Osjl Store,+(1)-(508)-8240250,9361009,convenience stores,shop,SHOP,en-US,shop,en-US,convenience stores,70,Taunton Depot Dr,Taunton,Bristol,Taunton,MA,Massachusetts,02780,027806954,US,United States,USA,"70 Taunton Depot Dr, Taunton, MA 02780",Taunton,41.87715,-71.06629,41.87805,-71.0675,41.87625,-71.06508,main,41.87825,-71.06691,,,
POI,US/POI/p1/1188574,2.1455600261688232,search:ta:840259001425838-US,Artisan Beverage Coop,+(1)-(413)-7739700,9361066,shop,wholesale clubs,SHOP,en-US,shop,en-US,wholesale clubs,324,Wells St,Greenfield,Franklin,Greenfield Town,MA,Massachusetts,01301,,US,United States,USA,"324 Wells St, Greenfield, MA 01301",Greenfield,42.60289,-72.6083,42.60379,-72.60952,42.60199,-72.60708,main,42.60299,-72.60702,katalystkombucha.com,,
POI,US/POI/p1/1338590,2.1455600261688232,search:ta:840251000419179-US,Plumtree Marketing,+(1)-(413)-7830188,9361009,convenience stores,shop,SHOP,en-US,shop,en-US,convenience stores,454,Plumtree Rd,Springfield,Hampden,Springfield,MA,Massachusetts,01118,011181626,US,United States,USA,"454 Plumtree Rd, Springfield, MA 01118",Springfield,42.09833,-72.53144,42.09923,-72.53265,42.09743,-72.53023,main,42.09809,-72.53128,,,
POI,US/POI/p1/4153822,2.1455600261688232,search:ta:840099000500404-US,Cindy Market,+(1)-(203)-5741486,9361023,food drinks: grocers,shop,SHOP,en-US,food drinks: grocers,en-US,shop,874,N Main St,Waterbury,New Haven,Waterbury,CT,Connecticut,06704,067043514,US,United States,USA,"874 N Main St, Waterbury, CT 06704",Waterbury,41.5644,-73.03037,41.5653,-73.03157,41.5635,-73.02917,main,41.56448,-73.03048,,,
POI,US/POI/p1/4155454,2.1455600261688232,search:ta:840099001220653-US,Dollar City,,9361009,convenience stores,shop,SHOP,en-US,shop,en-US,convenience stores,,,Hamden,New Haven,Hamden,CT,Connecticut,06514,,US,United States,USA,"Hamden, CT 06514",Hamden,41.36266,-72.92331,41.36356,-72.92451,41.36176,-72.92211,main,41.36251,-72.92337,,,
POI,US/POI/p1/4157150,2.1455600261688232,search:ta:840099000272202-US,Country Marketplace,+(1)-(860)-8484700,9361023,food drinks: grocers,shop,SHOP,en-US,food drinks: grocers,en-US,shop,1224,Old Colchester Rd,Oakdale,New London,Montville,CT,Connecticut,06370,063701672,US,United States,USA,"1224 Old Colchester Rd, Oakdale, CT 06370",Oakdale,41.47561,-72.19038,41.47651,-72.19158,41.47471,-72.18918,main,41.47575,-72.19023,Mobil.com,,
POI,US/POI/p1/4162526,2.1455600261688232,search:ta:840099001188703-US,Garys Grocerys,+(1)-(860)-4544918,9361023,food drinks: grocers,shop,SHOP,en-US,food drinks: grocers,en-US,shop,76,Union St,Rockville,Tolland,Vernon,CT,Connecticut,06066,060663159,US,United States,USA,"76 Union St, Rockville, CT 06066",Rockville,41.86728,-72.4531,41.86818,-72.45431,41.86638,-72.45189,main,41.8672,-72.45318,,,
